id,task,question,answer,prediction,score,success
0,Gene alias,What is the official gene symbol of LMP10?,PSMB10,PSMB10,1.0,True
1,Gene alias,What is the official gene symbol of SNAT6?,SLC38A6,SLC38A6,1.0,True
2,Gene alias,What is the official gene symbol of IMD20?,FCGR3A,PSMB9,0.0,True
3,Gene alias,What is the official gene symbol of C20orf195?,FNDC11,TMEM230,0.0,True
4,Gene alias,What is the official gene symbol of CXorf40B?,EOLA2,FAM19A4,0.0,True
5,Gene alias,What is the official gene symbol of QSCN6L1?,QSOX2,QSCN6L1 is an alias for the official gene symbol QSOX1.,0.0,True
6,Gene alias,What is the official gene symbol of OR11-86?,OR10A2,OR11H6,0.0,True
7,Gene alias,What is the official gene symbol of NPAP60L?,NUP50,NPAP1,0.0,True
8,Gene alias,What is the official gene symbol of AF10?,MLLT10,MLLT10,1.0,True
9,Gene alias,What is the official gene symbol of bMRP63?,MRPL57,MRPS30,0.0,True
10,Gene alias,What is the official gene symbol of HsT1192?,SYT4,TUBB2A,0.0,True
11,Gene alias,What is the official gene symbol of ZNF482?,ZBTB6,ZNF482,0.0,True
12,Gene alias,What is the official gene symbol of PTH1?,PTH,PTH.,1.0,True
13,Gene alias,What is the official gene symbol of AGTIL?,ASIP,I could not find an official gene symbol for AGTIL in the NCBI database. Please verify the gene name or provide additional information.,0.0,True
14,Gene alias,What is the official gene symbol of LEP9?,LCE2A,"There is no official gene symbol ""LEP9"" listed in the NCBI Gene database.",0.0,True
15,Gene alias,What is the official gene symbol of SEP3?,SEPTIN3,SEPTIN3,1.0,True
16,Gene alias,What is the official gene symbol of FFDD3?,TWIST2,I could not find an official gene symbol for FFDD3 in the NCBI database.,0.0,True
17,Gene alias,What is the official gene symbol of C6orf186?,METTL24,CFAP206,0.0,True
18,Gene alias,What is the official gene symbol of hCAP?,RNGTT,CAMP,0.0,True
19,Gene alias,What is the official gene symbol of CKBBP1?,RNF7,CKB.,0.0,True
20,Gene alias,What is the official gene symbol of TFA?,F3,TF,0.0,True
21,Gene alias,What is the official gene symbol of BMSC-MCP?,SLC25A33,CCL23,0.0,True
22,Gene alias,What is the official gene symbol of PCH3?,PCLO,TSEN54,0.0,True
23,Gene alias,What is the official gene symbol of OR11-75?,OR56A1,OR11H7,0.0,True
24,Gene alias,What is the official gene symbol of RBAP1?,E2F1,RBBP1,0.0,True
25,Gene alias,What is the official gene symbol of DCSCRIPT?,ZNF366,ZNF366,1.0,True
26,Gene alias,What is the official gene symbol of 15-LOX?,ALOX15,ALOX15,1.0,True
27,Gene alias,What is the official gene symbol of CT116?,LYPD6B,WBP4,0.0,True
28,Gene alias,What is the official gene symbol of PKCL?,PRKCH,The official gene symbol of PKCL is PRKCB.,0.0,True
29,Gene alias,What is the official gene symbol of SGEF?,ARHGEF26,ARHGEF26,1.0,True
30,Gene alias,What is the official gene symbol of CTGLF6?,AGAP9,TMEM106B,0.0,True
31,Gene alias,What is the official gene symbol of FAP9?,IFT22,PSMB8,0.0,True
32,Gene alias,What is the official gene symbol of MPS4B?,GLB1,SGSH,0.0,True
33,Gene alias,What is the official gene symbol of LSDMCA2?,COX7B,SLC25A13,0.0,True
34,Gene alias,What is the official gene symbol of PLK-5?,PLK5,PLK5,1.0,True
35,Gene alias,What is the official gene symbol of C20orf86?,ANKRD60,TMEM230,0.0,True
36,Gene alias,What is the official gene symbol of GalNAc-T4?,POC1B-GALNT4,GALNT4,0.0,True
37,Gene alias,What is the official gene symbol of NEDCHS?,INTS8,NSUN7,0.0,True
38,Gene alias,What is the official gene symbol of PCPB?,CPB2,PCBP1,0.0,True
39,Gene alias,What is the official gene symbol of PFDN3?,VBP1,PFDN3,0.0,True
40,Gene alias,What is the official gene symbol of TSH2B?,H2BC1,H2BFM,0.0,True
41,Gene alias,What is the official gene symbol of RSG1?,CPLANE2,RSG1,0.0,True
42,Gene alias,What is the official gene symbol of M12.219?,ADAMDEC1,HLA-E,0.0,True
43,Gene alias,What is the official gene symbol of beta3Gn-T8?,B3GNT8,B3GNT8,1.0,True
44,Gene alias,What is the official gene symbol of ASV?,SRC,"The official gene symbol for ASV is ASV (ASV virus related gene), but if you meant a well-characterized gene, there is no specific human gene with the symbol ""ASV"" in NCBI Gene database. Please provide additional context or a full gene name if referring to a specific gene.",0.0,True
45,Gene alias,What is the official gene symbol of C11orf27?,UBTFL1,CBWD1,0.0,True
46,Gene alias,What is the official gene symbol of GCS1?,MOGS,GCS1,0.0,True
47,Gene alias,What is the official gene symbol of FAM214B?,ATOSB,FAM214B,0.0,True
48,Gene alias,What is the official gene symbol of CTTNBP1?,SHANK2,CTTNBP2NL,0.0,True
49,Gene alias,What is the official gene symbol of PTP-SL?,PTPRR,PTPN5,0.0,True
50,Gene disease association,What are genes related to Hemolytic anemia due to phosphofructokinase deficiency?,PFKL,[ERROR] 'list' object has no attribute 'lower',0.0,False
51,Gene disease association,What are genes related to Distal renal tubular acidosis?,"SLC4A1, ATP6V0A4",[ERROR] 'list' object has no attribute 'lower',0.0,False
52,Gene disease association,What are genes related to Pseudohypoparathyroidism Ic?,GNAS,[ERROR] 'list' object has no attribute 'lower',0.0,False
53,Gene disease association,What are genes related to Glycine N-methyltransferase deficiency?,GNMT,[ERROR] 'list' object has no attribute 'lower',0.0,False
54,Gene disease association,What are genes related to Meesmann corneal dystrophy?,"KRT12, KRT3",[ERROR] 'list' object has no attribute 'lower',0.0,False
55,Gene disease association,What are genes related to Chronic atrial and intestinal dysrhythmia?,SGO1,[ERROR] 'list' object has no attribute 'lower',0.0,False
56,Gene disease association,What are genes related to Sensorineural deafness with mild renal dysfunction?,BSND,[ERROR] 'list' object has no attribute 'lower',0.0,False
57,Gene disease association,What are genes related to Bile acid malabsorption?,"SLC10A2, SLC51B",[ERROR] 'list' object has no attribute 'lower',0.0,False
58,Gene disease association,What are genes related to Immunodeficiency due to defect in MAPBP-interacting protein?,LAMTOR2,[ERROR] 'list' object has no attribute 'lower',0.0,False
59,Gene disease association,What are genes related to Currarino syndrome?,MNX1,[ERROR] 'list' object has no attribute 'lower',0.0,False
60,Gene disease association,What are genes related to Intervertebral disc disease?,COL9A3,[ERROR] 'list' object has no attribute 'lower',0.0,False
61,Gene disease association,What are genes related to Otofaciocervical syndrome?,"EYA1, PAX1",[ERROR] 'list' object has no attribute 'lower',0.0,False
62,Gene disease association,What are genes related to Brody myopathy?,ATP2A1,[ERROR] 'list' object has no attribute 'lower',0.0,False
63,Gene disease association,What are genes related to Neurodevelopmental disorder with gait disturbance?,TCEAL1,[ERROR] 'list' object has no attribute 'lower',0.0,False
64,Gene disease association,What are genes related to Mitochondrial DNA depletion syndrome 4A Alpers type?,POLG,[ERROR] 'list' object has no attribute 'lower',0.0,False
65,Gene disease association,What are genes related to Nephropathy due to CFHR5 deficiency?,CFHR5,[ERROR] 'list' object has no attribute 'lower',0.0,False
66,Gene disease association,What are genes related to Achromatopsia?,"CNGA3, CNGB3, GNAT2, PDE6H, ATF6",[ERROR] 'list' object has no attribute 'lower',0.0,False
67,Gene disease association,What are genes related to Hyperphenylalaninemia?,"PTS, GCH1, QDPR, PCBD1, DNAJC12, PAH",[ERROR] 'list' object has no attribute 'lower',0.0,False
68,Gene disease association,What are genes related to EDICT syndrome?,MIR184,[ERROR] 'list' object has no attribute 'lower',0.0,False
69,Gene disease association,What are genes related to Gastrointestinal defects and immunodeficiency syndrome?,"PI4KA, TTC7A",[ERROR] 'list' object has no attribute 'lower',0.0,False
70,Gene disease association,What are genes related to Cleft palate with ankyloglossia?,TBX22,[ERROR] 'list' object has no attribute 'lower',0.0,False
71,Gene disease association,What are genes related to Neurodevelopmental disorder with nonspecific brain abnormalities and with or without seizures?,DLL1,[ERROR] 'list' object has no attribute 'lower',0.0,False
72,Gene disease association,What are genes related to Spondylocarpotarsal synostosis syndrome?,FLNB,[ERROR] 'list' object has no attribute 'lower',0.0,False
73,Gene disease association,What are genes related to Haim-Munk syndrome?,CTSC,[ERROR] 'list' object has no attribute 'lower',0.0,False
74,Gene disease association,What are genes related to Sialidosis?,NEU1,[ERROR] 'list' object has no attribute 'lower',0.0,False
75,Gene disease association,What are genes related to Siddiqi syndrome?,FITM2,[ERROR] 'list' object has no attribute 'lower',0.0,False
76,Gene disease association,What are genes related to Corneal fleck dystrophy?,PIKFYVE,[ERROR] 'list' object has no attribute 'lower',0.0,False
77,Gene disease association,What are genes related to Liver failure?,TRMU,[ERROR] 'list' object has no attribute 'lower',0.0,False
78,Gene disease association,What are genes related to Proteasome-associated autoinflammatory syndrome?,"PSMB9, PSMG2, POMP, PSMB10",[ERROR] 'list' object has no attribute 'lower',0.0,False
79,Gene disease association,What are genes related to Orofaciodigital syndrome XIV?,C2CD3,[ERROR] 'list' object has no attribute 'lower',0.0,False
80,Gene disease association,What are genes related to Trichoepithelioma?,CYLD,[ERROR] 'list' object has no attribute 'lower',0.0,False
81,Gene disease association,What are genes related to Medullary thyroid carcinoma?,RET,[ERROR] 'list' object has no attribute 'lower',0.0,False
82,Gene disease association,What are genes related to Type diabetes mellitus?,"HNF1B, IL6, GPD2, HMGA1, IRS1, NEUROD1, IL6",[ERROR] 'list' object has no attribute 'lower',0.0,False
83,Gene disease association,What are genes related to Buschke-Ollendorff syndrome?,LEMD3,[ERROR] 'list' object has no attribute 'lower',0.0,False
84,Gene disease association,What are genes related to Vascular malformation?,ELMO2,[ERROR] 'list' object has no attribute 'lower',0.0,False
85,Gene disease association,What are genes related to Acrocallosal syndrome?,KIF7,[ERROR] 'list' object has no attribute 'lower',0.0,False
86,Gene disease association,What are genes related to Congenital disorder of deglycosylation?,"NGLY1, MAN2C1",[ERROR] 'list' object has no attribute 'lower',0.0,False
87,Gene disease association,What are genes related to Spinal muscular atrophy with congenital bone fractures?,"TRIP4, ASCC1",[ERROR] 'list' object has no attribute 'lower',0.0,False
88,Gene disease association,What are genes related to B-cell immunodeficiency?,TOP2B,[ERROR] 'list' object has no attribute 'lower',0.0,False
89,Gene disease association,What are genes related to Immunodeficiency with inflammatory disease and congenital thrombocytopenia?,ARPC1B,[ERROR] 'list' object has no attribute 'lower',0.0,False
90,Gene disease association,What are genes related to Split-foot malformation with mesoaxial polydactyly?,MAP3K20,[ERROR] 'list' object has no attribute 'lower',0.0,False
91,Gene disease association,What are genes related to Pigmented nodular adrenocortical disease?,"PRKAR1A, PDE11A, PDE8B",[ERROR] 'list' object has no attribute 'lower',0.0,False
92,Gene disease association,What are genes related to Superoxide dismutase?,SOD3,[ERROR] 'list' object has no attribute 'lower',0.0,False
93,Gene disease association,What are genes related to Leukoencephalopathy with dystonia and motor neuropathy?,SCP2,[ERROR] 'list' object has no attribute 'lower',0.0,False
94,Gene disease association,What are genes related to Intracranial hemorrhage in brain cerebrovascular malformations?,IL6,[ERROR] 'list' object has no attribute 'lower',0.0,False
95,Gene disease association,What are genes related to Multiple system atrophy?,COQ2,[ERROR] 'list' object has no attribute 'lower',0.0,False
96,Gene disease association,What are genes related to Cone dystrophy?,"PDE6C, GUCA1A",[ERROR] 'list' object has no attribute 'lower',0.0,False
97,Gene disease association,What are genes related to Holt-Oram syndrome?,TBX5,[ERROR] 'list' object has no attribute 'lower',0.0,False
98,Gene disease association,What are genes related to Lichtenstein-Knorr syndrome?,SLC9A1,[ERROR] 'list' object has no attribute 'lower',0.0,False
99,Gene disease association,What are genes related to Ablepharon-macrostomia syndrome?,TWIST2,[ERROR] 'list' object has no attribute 'lower',0.0,False
100,Gene location,Which chromosome is FAM66D gene located on human genome?,chr8,Chromosome 8,1.0,True
101,Gene location,Which chromosome is TTTY7 gene located on human genome?,chrY,Chromosome Y,1.0,True
102,Gene location,Which chromosome is LA16c-329F2.2 gene located on human genome?,chr16,Chromosome 16,1.0,True
103,Gene location,Which chromosome is RGS16 gene located on human genome?,chr1,Chromosome 1,1.0,True
104,Gene location,Which chromosome is FOXL2NB gene located on human genome?,chr3,Chromosome 3,1.0,True
105,Gene location,Which chromosome is RP11-17A4.3 gene located on human genome?,chr8,Chromosome 3,0.0,True
106,Gene location,Which chromosome is EML3 gene located on human genome?,chr11,Chromosome 19,0.0,True
107,Gene location,Which chromosome is LPAR2 gene located on human genome?,chr19,Chromosome 19,1.0,True
108,Gene location,Which chromosome is ENSG10010137169.1 gene located on human genome?,chr4,ENSG10010137169.1 is not a valid Ensembl gene ID for the human genome according to NCBI and Ensembl databases. Please check the gene ID for accuracy.,0.0,True
109,Gene location,Which chromosome is AC018712.2 gene located on human genome?,chr2,Chromosome 7,0.0,True
110,Gene location,Which chromosome is RRS1 gene located on human genome?,chr8,Chromosome 8,1.0,True
111,Gene location,Which chromosome is LINC02599 gene located on human genome?,chr8,Chromosome 5,0.0,True
112,Gene location,Which chromosome is ZNF117 gene located on human genome?,chr7,Chromosome 7,1.0,True
113,Gene location,Which chromosome is RP11-829H16.3 gene located on human genome?,chr14,Chromosome 10.,0.0,True
114,Gene location,Which chromosome is RN7SKP265 gene located on human genome?,chr3,Chromosome 10,0.0,True
115,Gene location,Which chromosome is RP11-1102P22.1 gene located on human genome?,chr16,Chromosome 10,0.0,True
116,Gene location,Which chromosome is AC018892.8 gene located on human genome?,chr2,Chromosome 2,1.0,True
117,Gene location,Which chromosome is RP11-255A11.4 gene located on human genome?,chr9,Chromosome 6.,0.0,True
118,Gene location,Which chromosome is NPTN gene located on human genome?,chr15,Chromosome 15.,1.0,True
119,Gene location,Which chromosome is RP11-123M21.2 gene located on human genome?,chr12,Chromosome 10.,0.0,True
120,Gene location,Which chromosome is ZNF574 gene located on human genome?,chr19,Chromosome 19.,1.0,True
121,Gene location,Which chromosome is RNU6-1143P gene located on human genome?,chr11,Chromosome 10.,0.0,True
122,Gene location,Which chromosome is RP11-303E16.8 gene located on human genome?,chr16,Chromosome 10.,0.0,True
123,Gene location,Which chromosome is SCO2 gene located on human genome?,chr22,The SCO2 gene is located on chromosome 22 of the human genome.,1.0,True
124,Gene location,Which chromosome is ERCC8 gene located on human genome?,chr5,Chromosome 5,1.0,True
125,Gene location,Which chromosome is ENSG10010137820.1 gene located on human genome?,chr2,ENSG10010137820.1 is located on chromosome 17 in the human genome.,0.0,True
126,Gene location,Which chromosome is RP11-215H18.5 gene located on human genome?,chr11,Chromosome 17,0.0,True
127,Gene location,Which chromosome is RPS26P3 gene located on human genome?,chr9,Chromosome 19.,1.0,True
128,Gene location,Which chromosome is RN7SL465P gene located on human genome?,chr6,Chromosome 3,0.0,True
129,Gene location,Which chromosome is TRGC2 gene located on human genome?,chr7,Chromosome 7,1.0,True
130,Gene location,Which chromosome is RN7SL689P gene located on human genome?,chr5,Chromosome 15.,1.0,True
131,Gene location,Which chromosome is CTB-180A7.6 gene located on human genome?,chr19,The CTB-180A7.6 gene is located on chromosome 8 of the human genome.,0.0,True
132,Gene location,Which chromosome is MTND2P25 gene located on human genome?,chrX,MTND2P25 is located on chromosome 1.,0.0,True
133,Gene location,Which chromosome is MTND6P21 gene located on human genome?,chr21,Chromosome 6,0.0,True
134,Gene location,Which chromosome is UBE2D4 gene located on human genome?,chr7,Chromosome 7,1.0,True
135,Gene location,Which chromosome is SRD5A1P1 gene located on human genome?,chrX,Chromosome 8.,0.0,True
136,Gene location,Which chromosome is CTD-2272D18.2 gene located on human genome?,chr8,Chromosome 5.,0.0,True
137,Gene location,Which chromosome is SNORD4B gene located on human genome?,chr17,Chromosome 5,0.0,True
138,Gene location,Which chromosome is AC006042.8 gene located on human genome?,chr7,Chromosome 21,0.0,True
139,Gene location,Which chromosome is SLAIN2 gene located on human genome?,chr4,Chromosome 4,1.0,True
140,Gene location,Which chromosome is RP11-173H9.2 gene located on human genome?,chr2,Chromosome 15,0.0,True
141,Gene location,Which chromosome is AC093802.1 gene located on human genome?,chr2,Chromosome 22,1.0,True
142,Gene location,Which chromosome is RP4-612B18.1 gene located on human genome?,chr1,Chromosome 1,1.0,True
143,Gene location,Which chromosome is AKIRIN1P2 gene located on human genome?,chrX,Chromosome 6,0.0,True
144,Gene location,Which chromosome is SIGLEC19P gene located on human genome?,chr19,Chromosome 19,1.0,True
145,Gene location,Which chromosome is RP11-179D22.1 gene located on human genome?,chr9,Chromosome 7,0.0,True
146,Gene location,Which chromosome is RPS3AP46 gene located on human genome?,chr14,Chromosome 17,0.0,True
147,Gene location,Which chromosome is IFRD1 gene located on human genome?,chr7,Chromosome 7.,1.0,True
148,Gene location,Which chromosome is RP11-1299A16.3 gene located on human genome?,chr4,RP11-1299A16.3 is located on chromosome 5.,0.0,True
149,Gene location,Which chromosome is OR51H2P gene located on human genome?,chr11,Chromosome 11,1.0,True
150,Human genome DNA aligment,Align the DNA sequence to the human genome:ATTCTGCCTTTAGTAATTTGATGACAGAGACTTCTTGGGAACCACAGCCAGGGAGCCACCCTTTACTCCACCAACAGGTGGCTTATATCCAATCTGAGAAAGAAAGAAAAAAAAAAAAGTATTTCTCT,chr15:91950805-91950932,"The DNA sequence aligns to chromosome 6 (locus: chr6:32614097-32614216, GRCh38) in the human genome, within the HLA region.",0.0,True
151,Human genome DNA aligment,Align the DNA sequence to the human genome:GGACAGCTGAGATCACATCAAGGATTCCAGAAAGAATTGGCACAGGATCATTCAAGATGCATCTCTCCGTTGCCCCTGTTCCTGGCTTTCCTTCAACTTCCTCAAAGGGGACATCATTTCGGAGTTTGGCTTCCA,chr8:7081648-7081782,"The DNA sequence aligns to human chromosome 16 (16q22.1), specifically within the intronic region of the CDH1 gene (E-cadherin, NCBI Gene ID: 999).",0.0,True
152,Human genome DNA aligment,Align the DNA sequence to the human genome:AAACGATGTCTTCATTGCCTGGAAATGATGGCGCCCTTGTTCTTTATCCAAAGACTGATGGGGGAAAGAGTAATTCATTTAATAACATGGGGTCCTCATTACAGACTGGCCACCAATATAAAGCTTCGAATTTTTT,chr10:7531973-7532108,"This sequence aligns to chromosome 16 (NC_000016.10) at position 29932819-29932926 (GRCh38) within the gene GADD45G.

Note: For verification and most precise mapping, please refer to BLASTN results at NCBI.",0.0,True
153,Human genome DNA aligment,Align the DNA sequence to the human genome:AGGCCCTCACCTGGAAATTACTTACTCATGCTTCATGACCCAGTTCAAATTTTGTCACCTCTGTGAAACCTTCCCTGGGCCCCGTTGATCTCCTTGAAGGCA,chr7:71368450-71368551,"The given DNA sequence aligns to human chromosome 16 at location chr16:31268752-31268851 (GRCh38), within the CYBA gene.",0.0,True
154,Human genome DNA aligment,Align the DNA sequence to the human genome:ATTAAACGCCCCTTAAATTACCCAGCTGTGGCAATCTGCTTCCTTGTGATACCCTGACTGATACGAATTATAAAGTAAATCCTGTGATACTCCCCCTCACCTCAAGCCCATGTTCCTGTAAGGTACAGAGTCATAGA,chr17:30085086-30085222,"The DNA sequence aligns to human chromosome 6 (chr6:32814712-32814871, GRCh38) within the MHC class I region.",0.0,True
155,Human genome DNA aligment,Align the DNA sequence to the human genome:TTTTTTGAGACGTTGTCTCACCCTGTCGCCCAGGCTGGAGTGCAGTGGTGCAGTCTTGGCTCACTGCAATCCCCACGTCCCAGGTTCAAACGATTCTCCTGCCTCAGTCTCCCAAGCAGCTGGGATTACAGGTGCCT,chr6:25897419-25897555,"The DNA sequence aligns to human chromosome 7 at region 7q36.1, specifically in the genomic locus of the SHH (Sonic Hedgehog) gene.",0.0,True
156,Human genome DNA aligment,Align the DNA sequence to the human genome:CCTTAGCTTTGTCATATTAGAGGGCTGGGAGGGCCTGATCCCCTGGAACCTGCCTTTCCAACCTGATTTCCCATACTTCTTCCCATAAGCCAGATCCCATGATTTCTCTCATTTCTCCAAACAGGCCTCTTGATTTTCCACCTTGGAACT,chr22:30683180-30683329,"The DNA sequence aligns to the human genome at chromosome 12, locus 12p13.2, within the gene PTPRO. This result was retrieved using NCBI BLAST.",0.0,True
157,Human genome DNA aligment,Align the DNA sequence to the human genome:CTTCATACAAAACGAAGAGTTAAGACCTACCGGTTTTCCAAAGCCTCCCTATGAAAAACAGTATTTCTCTTAGTGGCAGGTTTGAGGTATGAGAGTCATTATTACACCTGTGAGCTGGCC,chr21:7642925-7643044,"The DNA sequence aligns to human chromosome 16, specifically in the intron region of the CFAP20 gene (NC_000016.10:89954807-89954908, GRCh38.p14).",0.0,True
158,Human genome DNA aligment,Align the DNA sequence to the human genome:TTGTCAATTTAACTCACAGAGAAAAATTTTAAAATTTGCAGCCTAATTTCTTCATTGACCCAGTGATCATTCAGGAAAATAATGCTTAATTTCTATGTATT,chr21:18084464-18084564,"**  
The sequence aligns to human chromosome 6, region NC_000006.12:32800146-32800231, minus strand.",0.0,True
159,Human genome DNA aligment,Align the DNA sequence to the human genome:AACATTAACTTATTTTACCCTCATGATACTTCATTGGGGTAAGTAATGTTAATATTCCTAATTGAAAGATGAGAAACTGGAAGATCAGAAGACTAAGTAATTTTTCCAAGA,chr18:41101663-41101773,"The sequence aligns to human chromosome 6 (NC_000006.12) at the location 32814781–32814877, on the PSMB10 gene.",0.0,True
160,Human genome DNA aligment,Align the DNA sequence to the human genome:TGAGAGCACAGTGGTGAGGAGGACCCACATGCCTCCTATCCTTCATAGGAGGAGAAAGGCACAAACCAGAAAACCCCCCCAACACACACACACATACACAT,chr1:234883857-234883957,"The DNA sequence TGAGAGCACAGTGGTGAGGAGGACCCACATGCCTCCTATCCTTCATAGGAGGAGAAAGGCACAAACCAGAAAACCCCCCCAACACACACACACATACACAT aligns to the human genome at chromosome 8, region 8q24 (GRCh38: chr8:128,408,144-128,408,227), near the MYC gene.",0.0,True
161,Human genome DNA aligment,Align the DNA sequence to the human genome:CTACAAAATGGGCATATTACTCACCTCGTAGGTTATTAATAGATGAGTTAATAAGTGTAAAATACTTAGAACAGTGCATAGCCAGCAGGGCATGGTGGCTCACACCTGT,chr10:96583669-96583777,"The DNA sequence aligns to human chromosome 8 (chr8: 144,823,999-144,824,094, GRCh38), located within the MTUS1 gene.",0.0,True
162,Human genome DNA aligment,Align the DNA sequence to the human genome:AACAAACAAACAAAAAAACTGTAAGCCAAAATTTTATATCCTGCCAGAATAAGCTTAATAAATAAAAGAGATATAAAAAATTTCCCAGATAAGCAAACAACGCGGGACTCAGTAGTGAAAAAAAGTAGAAAGATCACAAATTAA,chr7:124923900-124924043,"The DNA sequence aligns to chromosome 16 (16p13.13) of the human genome, specifically within the region of the CLEC16A gene (NCBI RefSeq: NG_029848.1).",0.0,True
163,Human genome DNA aligment,Align the DNA sequence to the human genome:TACAGATAATGCTAATATCAGAGTTACCAGAAATAAAGATAATATTTTGATCACCATATGCCAACTCCTCCTGCCCCCACCCTTCTTTCTCTACTGATTCAAGAATCTGGTGAAGAAACTAGGGCTAGAGAAATGGAAT,chr14:65272135-65272273,"The provided DNA sequence aligns to the human genome at chromosome 16, specifically at location 16p13.13 within the NUTF2 gene (NCBI Reference GRCh38.p14, Chr16: 11,230,355-11,230,455).",0.0,True
164,Human genome DNA aligment,Align the DNA sequence to the human genome:TGGGCTCAAGTGATCCTCTTGCCTCAGCCTCCTAAAGTACTGGGATTACAGGTGCGAGCCACCACAACTGGCCTATAATTTTAAGTTTTCTTATAGTCACATTAAAAACATACAGAAGAAACATGAAATTAATTTCATAACATCTTA,chr7:158890075-158890221,"The DNA sequence aligns to human chromosome 1 (NC_000001.11) at position 11796321-11796441, within the first intron of the gene SLC35E2B.",0.0,True
165,Human genome DNA aligment,Align the DNA sequence to the human genome:TGCAGATGTGCTCTGCGACTATGTGCTCTAGAGGTAAAAAGGAAGACACTACAAAAGATGCTTATATTAACTGGCATTGATTACTAAGTCCTTCACATTAGGAAGAATCTAGAGAAGAATCTTCTA,chr18:45026043-45026168,"Based on NCBI BLAST, the DNA sequence aligns to human chromosome 6, specifically within the MHC class II region, corresponding to the HLA-DRA gene (Gene ID: 3122).",0.0,True
166,Human genome DNA aligment,Align the DNA sequence to the human genome:TGAAATAATGTTTTGGATATAATGAAGTAAAAACATGTATTAATTTCACTGTTCTTTTTAAGGTATCTAATAGAAAATTTTAAATTACAAATGTGGCTTGCATTATATTTCTGTTGGATAGAGCTG,chr3:156536294-156536419,"The DNA sequence ""TGAAATAATGTTTTGGATATAATGAAGTAAAAACATGTATTAATTTCACTGTTCTTTTTAAGGTATCTAATAGAAAATTTTAAATTACAAATGTGGCTTGCATTATATTTCTGTTGGATAGAGCTG"" aligns exactly to GRCh38 chromosome 6:32,624,476-32,624,570 on the negative strand in the human genome.",0.0,True
167,Human genome DNA aligment,Align the DNA sequence to the human genome:GCATGGCCAACATGGCAAAACACTGTCTCCATTAAAAATACAAAAAAAATTAGCTGGGCGTGGTGGTGCACATCTGTAGTCCCAGCTACTTGGGAGGCTGAGGCAGGGGAATCACTTGAACCCGGGAGGCG,chr19:32322319-32322449,"The DNA sequence aligns to human chromosome 17, specifically at the 17q21.31 region, within or near the MAPT gene.",0.0,True
168,Human genome DNA aligment,Align the DNA sequence to the human genome:TTCTTTACTGGTTCCTCATCTTCTCTCAAAATTCTCTTTTTAGGGATGCGAGGATGTTGAAAATGTTCTCTATTTTGATCTGGATGGCGGTTACATGGGTGTAGATCTGTGTTAAGATTGTACACTTAAGTTTCTG,chrX:71742848-71742983,"The DNA sequence aligns to human chromosome 6 (chr6:32814985-32815099, GRCh38), within the HLA region.",0.0,True
169,Human genome DNA aligment,Align the DNA sequence to the human genome:ACACAGTAAAGATCATTTATTTATAAACTGACAATGGCTGCTTTAACACTAGTAGAGCAGAGTCAAGTAATTGTGACAAAGACCAACCGGCCCATAAATTTGAAAATTTGTACTCTCTAGTCCTTTGTGTGAGAAGTTTGCTAA,chrX:98833089-98833232,"The DNA sequence aligns to human chromosome 6 (6p21.32), overlapping the HLA class II region, specifically near or within the HLA-DQB1 gene locus (NC_000006.12:32,610,244-32,610,364 on GRCh38).",0.0,True
170,Human genome DNA aligment,Align the DNA sequence to the human genome:AGCCAAGGCCAGAGGACAAAGGTGAGCTCGCCAATAGGGCCAATACTGGGTCTGGCTGGAAGGGGAGGGTGGACAGAGATGGGTACTAAGAAGTGAAGATGGACAGGCAGGACCAGGTCT,chr22:18817258-18817377,"This DNA sequence aligns to human chromosome 16 at location chr16:31714004-31714125, within the WWOX gene.",0.0,True
171,Human genome DNA aligment,Align the DNA sequence to the human genome:CCACTACACCTGGCCACAACTGTCTTATTTAAAGGAGGACAAAGGTTAGGCTCAAGATTATGTGTTGGATTATATAACATCACACAACTTTTAAATTCAATTCCACAGATCCTACTAGGCTAGG,chr16:23611895-23612018,"The DNA sequence aligns to human chromosome 6 (chr6:32814343-32814460, GRCh38/hg38), within the major histocompatibility complex (MHC) region.",0.0,True
172,Human genome DNA aligment,Align the DNA sequence to the human genome:CAGCTAACAGAGTGGATCCTTTCTTTTTACAGAGCAGCTTTGAAACTCTATTTCTGTGGATTCTGCAAATTGATATTTGGGTTGATTTAACGATATCGATGGAAAAGGGAATATCTT,chr21:12702345-12702461,"The DNA sequence aligns to human chromosome 16 (GRCh38), specifically within the intronic region of the CLEC16A gene. The primary match is at chr16:11,047,739-11,047,838.",0.0,True
173,Human genome DNA aligment,Align the DNA sequence to the human genome:AGATAACATTAAGGTTTACATTCTCTGTAGAAACCTGTCCCAGGAATTCGTTGATGTTTGCAGCATCCGATTACTCTATAGCCAGAGAAGGCCAAGAGTAGAACCTTCTATTTTTCTTGTTGACCTT,chr6:163903884-163904010,"The DNA sequence aligns to human chromosome 22 at the POM121L1P pseudogene region. (Genomic location: NC_000022.11: 50,645,839-50,645,952)",0.0,True
174,Human genome DNA aligment,Align the DNA sequence to the human genome:AGGCCGTCTCTGACCCAGCTCTCTTTCTACTCCTCTCATCTCTTGCTCACAGCCTTCCAGCCACACTGGCCTTCTTCTTGTTCCCCTGACTCACTGTGCATGCACTCTGCTAAGAGTCTTAACTCCCTA,chr18:54462342-54462470,"The DNA sequence AGGCCGTCTCTGACCCAGCTCTCTTTCTACTCCTCTCATCTCTTGCTCACAGCCTTCCAGCCACACTGGCCTTCTTCTTGTTCCCCTGACTCACTGTGCATGCACTCTGCTAAGAGTCTTAACTCCCTA aligns to human chromosome 1 (NC_000001.11), positions 153,963,353 to 153,963,452, on the minus strand.",0.0,True
175,Human genome DNA aligment,Align the DNA sequence to the human genome:ACAACTTGACATCAAGGGACCAGGATGAGAATCTTATTTCAATAACCTACTAGTTAAGTGGTTTTGGTTAAGTTTAATCATTTATCTTTAGTATTTGCAACCATAAATTTGGAATAGTGATATTAGTTGCAGGATT,chr2:34350870-34351005,"The DNA sequence aligns to human chromosome 6, within the MHC class II region, specifically in the HLA-DQA1 gene (NC_000006.12:32,853,238-32,853,337).",0.0,True
176,Human genome DNA aligment,Align the DNA sequence to the human genome:ATGAACTAAAGACTCATGACTCATTTACTCTCATTTTGACATCGCTTTGACAGTGGTGCCCAGCTTTCAAGGCAGTGACCTCTGCAGGAAGAGGCCCTTAGCTTCTGTGGAATGCTAAGTGC,chr7:32588819-32588940,"This DNA sequence aligns to human chromosome 16, locus 16p13.13, corresponding to the human gene IRF8 (NCBI Reference Sequence: NG_029571.1, positions 9355–9540).",0.0,True
177,Human genome DNA aligment,Align the DNA sequence to the human genome:TAAAATGTTCTGTTGATGACTATTAAGTCAATTTGGTCTAAAGTGAAGTTTAAATCTAATGTTTCTTTCTTAAGTTTCTATTTTGTAGATCTGCCTTATGCTAAGAGTTGACTTTTGAAGTTCTCAAATATTAT,chr14:83950330-83950463,"The DNA sequence aligns to chromosome 6 (6p21) within the MHC region, specifically in the PSMB10 gene locus, according to NCBI BLAST search.",0.0,True
178,Human genome DNA aligment,Align the DNA sequence to the human genome:GGCAGCAGTCACGAGAGCTTGTGCAGGGGAATTCTCATTTATAAAACCATTACATCTCATGATACTTATTCACTACCAGGAGAACGGTATGGGAGAAACCACCCCTATGACTCAATTATCTCCACCTGGTCCTTC,chr11:37515333-37515467,The DNA sequence aligns to the human genome at chromosome 16 (GRCh38: chr16:320522-320635) within the NTHL1 gene.,0.0,True
179,Human genome DNA aligment,Align the DNA sequence to the human genome:AAGCTGGGATTACAGGCGCCCGCCACCACGCCCTGCTAATTTTTGTTTTTTTAGTAGAGACAGGGTTTCACCACGTTGAGGCCAGGCTGGTCTGAAACTACTGACAGGCAATCCGCCCACCTTGGCTTCCCAA,chr19:23003880-23004012,"The DNA sequence aligns to human chromosome 17 at the location 17q21.31, in the region of the MAPT gene (Genome Reference: GRCh38.p14, chr17:44,049,930-44,050,049).",0.0,True
180,Human genome DNA aligment,Align the DNA sequence to the human genome:GATGTTTAATTAATTGCAATTACTATCTTCAAAGGAAGCCCAGAGTTGAAAGTTGTTCCTAATTACTGTGTTATGATGTCGACCAGCTACTTAAATTGATTGTGTGAGAATTTCCGATGGAGAA,chr8:141523256-141523379,The DNA sequence aligns to human chromosome 6 (chr6:32814711-32814846) within the HLA-DQA1 gene.,0.0,True
181,Human genome DNA aligment,Align the DNA sequence to the human genome:TTAGTATTCTTTTCAAACTGCAAAGTGACTTTTCAGCAATTGGGGTTGTTGTTTGAAATGTTTTTGAATGGCTTGTCTTCTATCTTTCCCTCATAGGAAAAGAAAAATACGACACAT,chr9:22210568-22210684,"The DNA sequence aligns to human chromosome 6 (GRCh38), locus within the HLA region, specifically overlapping the PSMB8 gene. The precise genomic location is chr6:32,999,669-32,999,748.",0.0,True
182,Human genome DNA aligment,Align the DNA sequence to the human genome:GTGATGGGCAATCCCGGAGCCACTGGCTTGCTGGTTCCAATTCTTAGAAGCAAAGTATGGATGGCCAGGATTTTATCTCTAGTAGGGTAACAGTGACTAAAAGTGCTGTAGAAATAAGATGGGAAA,chrX:96520716-96520841,"The DNA sequence aligns to the human genome at chromosome 16:31104094-31104217 on the negative strand, within the PSMB10 gene.",0.0,True
183,Human genome DNA aligment,Align the DNA sequence to the human genome:TTTTGTTTGTTTGTTTGTTTGTTTGTTTTGTTGTTGGGACGGATTCTCACTCTGTCTCCCAGGCTGGAGTGCAGTGGTGCGATCTCGGCTCACTGCAAGCTCCGCCTCCCGGGTTCACGCCATTCTCCTGCCTCAGCCT,chr20:57571370-57571508,"This DNA sequence aligns to the human genome at chromosome 1q21.1, within or near the NBPF (Neuroblastoma Breakpoint Family) gene cluster. For exact coordinates on GRCh38: chr1:146,410,366-146,410,484.",0.0,True
184,Human genome DNA aligment,Align the DNA sequence to the human genome:GTAGCTAGCCATGGTCAAGGCGGTCTAGACAGAGAGCAGTGTGGGGCTCCGTAAATACCGCACTGACGGAAAACATTAGCTTCCTGAACTGTACAGGTTATACCCAA,chr17:9557107-9557213,"The DNA sequence aligns to the human genome at chromosome 16 (NC_000016.10) positions 67068983-67069079, mapping to the WWOX gene region.",0.0,True
185,Human genome DNA aligment,Align the DNA sequence to the human genome:ATTTCACGCTATATACAAAAATCAACTCAAAGCATTAAATGTAAGACACGAAACTGTAAAATTACTAGAAGAAAACATAGGGGAAATTTTCATAACATTGGTTTGGGCAATGCT,chr1:189568643-189568756,"The DNA sequence aligns to the human genome (GRCh38.p14) at chromosome 6, position 32806785-32806870, on the negative strand, within the HLA region.",0.0,True
186,Human genome DNA aligment,Align the DNA sequence to the human genome:TTATCTGAAAACACAGATCATTTTACTTCTTTCCAATTTGGATGTCTTTTTTTTTCTTGCCTAATTTCTCTGGCTAGGACTTCTAATACTGTGTCGAATAGACGTGGCAAAA,chr19:41724898-41725009,"The DNA sequence aligns to human chromosome 16, specifically at location chr16:84542006-84542109 (GRCh38), within the FTO gene intronic region.",0.0,True
187,Human genome DNA aligment,Align the DNA sequence to the human genome:GAATAAACGGTGGGCCTGGTCACCATAATGGCAGCAGGGTATGGAATGGGATGACTACAGAAATCTCTAACAGGGAGTAATGGATCATAGAATTCTTGGGGCTGAAATAGAACATTCCATTAAGGCCACGTTTGA,chr6:119363354-119363488,"The DNA sequence ""GAATAAACGGTGGGCCTGGTCACCATAATGGCAGCAGGGTATGGAATGGGATGACTACAGAAATCTCTAACAGGGAGTAATGGATCATAGAATTCTTGGGGCTGAAATAGAACATTCCATTAAGGCCACGTTTGA"" aligns to the human genome at chromosome 1 (GRCh38), specifically at position chr1:153,963,818-153,963,917, according to NCBI BLAST.",0.0,True
188,Human genome DNA aligment,Align the DNA sequence to the human genome:CCAGGAGTTTGAGACCAGCTTGGGTAACCTGGCAAGACTCCGTCTCTCTCTCTCAACAACAACAACAACAAAAAGGCCGGGTGCGGTGGCTCATAACCCCAGCACTTCGGGAGGCTGAGGTGGACGGATCACTTGAG,chr16:3779892-3780028,"The DNA sequence aligns to human chromosome 19 (NC_000019.10), specifically in the region chr19:45413182-45413281 (GRCh38/hg38), within or near the ZNF536 gene.",0.0,True
189,Human genome DNA aligment,Align the DNA sequence to the human genome:GTGTTGAACAGTCCCTTTCATAGAGCAGGTTTGAAACACTCTTTTTGTAGTATCTGGAAGTGGACATTAGGAACGCTCTCAGGACTGCGTTGAAAAAGGAAATATCTTCCAATAAAAGCTAGATAG,chr2:93063432-93063557,"The DNA sequence aligns to human chromosome 2, specifically at the locus of the gene IL1RN (Interleukin 1 Receptor Antagonist), located at NC_000002.12 (chr2:113117847-113118027, GRCh38.p14).",0.0,True
190,Human genome DNA aligment,Align the DNA sequence to the human genome:CCTCCTTCCCACCTCTCCCTGGGCCTGCTCCTGGGAGGGACAGCTCCTGTTCGAGGGGCAGGAGTCCACGGTGAGTGGGACCCTCTGTGGGACGCCCCCTCTACTTCACTCCAGGATCCCATTTTGGCCATGCACAGAGAGG,chr19:19162638-19162779,"The DNA sequence aligns to the human genome at chromosome 6 (6p21), in the MHC class II region, overlapping the HLA-DRB1 gene (NCBI Reference: GRCh38.p14, NC_000006.12: 32,411,000-32,411,150).",0.0,True
191,Human genome DNA aligment,Align the DNA sequence to the human genome:ACTCTTCTGTTGGGAGAGTTTATTCAACTTCATTTTGACTTCACTGACTTCTATACACTGATCCAAGGTGTTTTTTTATTGGCAGGTTGGATTTAATTTTCA,chr9:8591402-8591503,"The DNA sequence ""ACTCTTCTGTTGGGAGAGTTTATTCAACTTCATTTTGACTTCACTGACTTCTATACACTGATCCAAGGTGTTTTTTTATTGGCAGGTTGGATTTAATTTTCA"" aligns to the human genome at chromosome 6, position 32713993-32714088 on the GRCh38 assembly.",0.0,True
192,Human genome DNA aligment,Align the DNA sequence to the human genome:AACCTCTGCCTTCTGGGTTCAAGAGATTCTTGCGCCTCAAGCCTCCTGAGTAGCTGGGCTTATAGGCATGCACCTCCACACGCAGCTAATTTTTGTACTTTTAGTAGAGACAGGGTTTTGCCATATTGGCCAGACTGGTCTC,chr6:20935508-20935649,"The DNA sequence aligns to the human genome at chromosome 8, region 8q24.21, specifically within the gene MYC (NCBI Reference: NG_007161.2, chr8:127735434-127735590, GRCh38/hg38).",0.0,True
193,Human genome DNA aligment,Align the DNA sequence to the human genome:AGGAGGGGGAGGGGGAGAGGGAAGGGGCAGCCCCGCCTCCCGCAGGAGAAGGGAGCGCCTCATTACGCCGGGCTCGCCCGGGATGCCTGGCTCCCGGCGTCCGCTGCCTCCGCTGGGGACGTCCCGGGTCTG,chr1:20486790-20486921,"The DNA sequence aligns to human chromosome 6 (chr6: 32,738,238–32,738,333, GRCh38), within the MHC class II region.",0.0,True
194,Human genome DNA aligment,Align the DNA sequence to the human genome:ATGTGGGATGTCCTGCACGTGGGCTCTGGAGTTAACAGAGGTGGGTTCTAAGTCAGGGTCATCACTTGCTTACTGAGCAACCTCGGCCAAGTTACTTATCCTCTTTGGGTTTTTTGTTAGTTTGTTCGTTTGTTTGTTTGT,chr14:99402298-99402438,"The DNA sequence aligns to human chromosome 2 (GRCh38.p14) at locus 2p23.3, within the PSMB10 gene (GeneID: 5699).",0.0,True
195,Human genome DNA aligment,Align the DNA sequence to the human genome:TTTCCACGATAGACCTGAAACTGCCTAAATATATCTCTTTGCAGATTCTACAAAAAGACTGTTTCCAAGCTGCTCAATCAAAGAAAGTTTTTACTCTGTGTGATGAATGCACACATCACA,chr20:29228714-29228833,"The DNA sequence aligns to human chromosome 16, specifically to the region chr16:31,587,183-31,587,293 (GRCh38).",0.0,True
196,Human genome DNA aligment,Align the DNA sequence to the human genome:TGAGATTCTAGGTTCTCAGCCACCCAACCTTGCTGAACATGCTGGGCAACGTGGAACACGGGGACTCGTGGTCATGCTAATAACAGAACAAGTTTCCATTGGAAAGCTTTGCCTAAAAGAATCCTTAAAATACTATAAATTTACTC,chr10:121721897-121722042,"The DNA sequence aligns to the human genome at chromosome 6 (chr6:32814710-32814867, GRCh38), within the HLA-DQA1 gene region.",0.0,True
197,Human genome DNA aligment,Align the DNA sequence to the human genome:TCACTTGAGCCCAGGAGTTTGAGGCTGCAGTGAGCTCTGATTGCATCACTGCCCTGAAGCCTGGGCAACAGAGTGAGACCCTGTCTCTTAAATAAATAAATAAATAAATAAATAAATAAATAAAATTTTAAAAAATG,chr10:8432390-8432526,"The DNA sequence aligns to human chromosome 6 at the PSMB10 gene locus (chr6:32,876,466-32,876,563, GRCh38/hg38).",0.0,True
198,Human genome DNA aligment,Align the DNA sequence to the human genome:TACTATAAATATCTCTGTGCACACCAACTAGAAAGTCTAGAGGAAATGAATAAACTCTTAGAAATATACAACCTCCCAAGATTGAATCAGGAATAAACAGAAGTCTTGAAGAAACCAAAA,chr2:132111535-132111654,"The DNA sequence aligns to chromosome 16 on the human genome (GRCh38), specifically to the region near 16p13.13, mapping to the PSMB10 gene region.",0.0,True
199,Human genome DNA aligment,Align the DNA sequence to the human genome:GAATGCAGTGGCATGATCATGGCTCACTATAGTCTTGACCTCTCGGGCTCTGGCGATGCTCCTGTGTCAGTCTCCTGAGTAGCTGGGACCACAGGTGCATACCACCATGCCTGGGTAGTTTATTTTTATTTTTTGTAGA,chr20:34383091-34383229,"The DNA sequence aligns to human chromosome 8 (GRCh38) at region 8q24.21, specifically at position chr8:128,747,147-128,747,248.",0.0,True
200,Multi-species DNA aligment,Which organism does the DNA sequence come from:AGGGGCAGCAAACACCGGGACACACCCATTCGTGCACTAATCAGAAACTTTTTTTTCTCAAATAATTCAAACAATCAAAATTGGTTTTTTCGAGCAAGGTGGGAAATTTTTCGAT,worm,Mus musculus,0.0,True
201,Multi-species DNA aligment,Which organism does the DNA sequence come from:CGTACACCATTGGTGCCAGTGACTGTGGTCAATTCGGTAGAAGTAGAGGTAAAAGTGCTGTTCCATGGCTCAGTTGTAGTTATGATGGTGCTAGCAGTTGTTGGAGTTCTGATGACAATGACGGTTTCGTCAGTTG,yeast,"Based on NCBI BLAST results, this DNA sequence originates from Homo sapiens (human).",0.0,True
202,Multi-species DNA aligment,Which organism does the DNA sequence come from:GTGAAGATGATGGAGAATTTCATTGCCTGGCCACCAACCGTGCTGGAGACAAACTTAATTCCATTGAAGTTCAAGTAAACAATGCACCAAAAGGATCATTGTTTTTCTAT,worm,Homo sapiens,0.0,True
203,Multi-species DNA aligment,Which organism does the DNA sequence come from:AAAAATAATTTCCCGTTAACTGTTAATAAGTATTAGCAGTGGCTCAATGCTGTAGTGACCTAATTTAAACAGAATCAAAGCGAGCTGTGCTAAAGGGCATGAGACAGTGGAATCTTTT,human,Homo sapiens,1.0,True
204,Multi-species DNA aligment,Which organism does the DNA sequence come from:TTCAATTCTCTGTAGGCAAGGATGGCTCATCACCATTATCACCCTGACGAGACTTAGAAACACCACGGAGACACACCTCTGGGCACGAGTGTTATGGTGTTT,rat,Homo sapiens (human),0.0,True
205,Multi-species DNA aligment,Which organism does the DNA sequence come from:ATGCACAGCAGAGAGCCCCAGGGTGGACTGTAAACCTAAAGATGACCGAGGATCCTGTTGAGAAGATGCCAAAGCTAAGGAGAGAGACATGCGTGCAGACTCTCCGACACTCTGATTTGGGGTCTTGGGTTCTGAGGAGAAAGC,mouse,Homo sapiens,0.0,True
206,Multi-species DNA aligment,Which organism does the DNA sequence come from:GTTGATGTCAGCTCTCTACAGTTCATGACTGGACACACACACATAGCCCGTTTCATTAAAGAAATAGAATCCTAACAATGACATCATTGTAGAAGCTCCTGGGATGACAG,zebrafish,Homo sapiens (human).,0.0,True
207,Multi-species DNA aligment,Which organism does the DNA sequence come from:AAAAAAAAACTCCATAAAAACAACAAAAAGAGACGGACGCGGTTAACGAAGTAGTAACTTGATGAAAATGAATAAAAAAGAATAAAATTAACAAATAGAAAAGTTGAATCTTTTAAAACTCAAAGTCGCCATCGATCAAC,yeast,Homo sapiens (human),0.0,True
208,Multi-species DNA aligment,Which organism does the DNA sequence come from:CTGCATTTACACAGCACACAGGAAAGGCGCAATGACCAGGAAAAAAAAAAAGAGCGGGTGCTGACTGACAGCTGATAATTAAAGAGTGTCTTTTCTCTATTCC,zebrafish,Homo sapiens (human).,0.0,True
209,Multi-species DNA aligment,Which organism does the DNA sequence come from:TGAGAGTATGATATCTATGCTACGAGACCCATATTACATCTCATACATATGGCACACTTCTTAAATATATTGCTAGGGCATATTTCTTATCTTGAATCATGCTCAGTCTGCCTCAACAAATACTTCT,human,"The DNA sequence provided is specific to Homo sapiens (human), based on NCBI BLAST results.",1.0,True
210,Multi-species DNA aligment,Which organism does the DNA sequence come from:ACCCCACACTGTTTTTATAGAAAGCATTAAAGACTCCCAACCTGGGGCTGGGGATTTAGCTCAGTGGTAGAGCGCTTCCAAGGCCCTGGGTTCGGTCCCCAGCTCCGAAAAAAAAAAAAAAAAAAAGAAC,rat,Homo sapiens (human),0.0,True
211,Multi-species DNA aligment,Which organism does the DNA sequence come from:AATTATTCGCTGAAATTCAGTTAATATATGACGAAAATAAAATCATGAATCTAAATAAACCGTCCCAATACAAACAACACAGCGAATACAAAAATGTTTCTCGCACATCTCCAAACACGACTAA,yeast,Homo sapiens,0.0,True
212,Multi-species DNA aligment,Which organism does the DNA sequence come from:CAGGAACAACAGCAAAACATTACTTCACGTGCAAACCGATCTGTAGGGCTAAAGAAGAGACCACACACAAGTTTCTCTGGATATTTTGAAACTATTTAATGAAGGAATTAAATTCCTGTAGCACAGCTCTAATAGTAGCCAT,chicken,Homo sapiens,0.0,True
213,Multi-species DNA aligment,Which organism does the DNA sequence come from:TTCATCGGTCTGAGCAGAGGATGAAGTTGCAAATGATGCAAGCAAAACAGCTCAAAGATGAAGAGGAAAAGGCTATACACAACAGGAGCAATGTAGATACAGAAGGT,rat,"According to NCBI BLAST results, this DNA sequence matches Homo sapiens (human).",0.0,True
214,Multi-species DNA aligment,Which organism does the DNA sequence come from:ACAAGGAAAGACACTAATACCAGTTCTTAGGTGGGGAGAGATTGCTCACATTCCCCTGGGGTTCCCTGCTCCACAGTACAAGAGAACACGCAATGGTCCGTGAGAGCAGAGAA,mouse,Homo sapiens (human),0.0,True
215,Multi-species DNA aligment,Which organism does the DNA sequence come from:ACCAAAAGAGTGCGCCACTTGTGGTGACACCTGGACTTCTCAGTGGAGAAGTGGACCTAATGGAAATGTTGAGCTATGTAGTCGATGTGGCATAGCATATAGGAAAAAAATGGAGAAAAAAATACGATCGCAACAA,yeast,The DNA sequence ACCAAAAGAGTGCGCCACTTGTGGTGACACCTGGACTTCTCAGTGGAGAAGTGGACCTAATGGAAATGTTGAGCTATGTAGTCGATGTGGCATAGCATATAGGAAAAAAATGGAGAAAAAAATACGATCGCAACAA is from Homo sapiens (human).,0.0,True
216,Multi-species DNA aligment,Which organism does the DNA sequence come from:TATGCGATGTTTGTCTTGCTGGTCTGATTACCTCACCCAATATAGTCTTTTTTAGGTCCATTCATTTACCTGAAAATTACATGATTTAATTATTTCTACAACAGAATAGCATC,mouse,Homo sapiens,0.0,True
217,Multi-species DNA aligment,Which organism does the DNA sequence come from:GCTTACTGCAACTTCCGTCTCCCGGGTTCAAGTGATTCTCCTGCCTCAGCCTCGCGAGTAGCTGGGATTACAGGCACCCACCACCACGCCCAGCTAATTTTTTGTATTTTTAGTAGAGACAGGCTTT,human,Homo sapiens (human).,1.0,True
218,Multi-species DNA aligment,Which organism does the DNA sequence come from:CATGCAATGAGATTGCTGCACACCAGGAACCCTAACTTCCAGTCTTTTGTTTTCTGCTTGTAGCATGCTTGTTTTCTACACACTGTCATGGGTGTATGCAGATAAAAATAATCAATCCACGAC,chicken,Homo sapiens (human),0.0,True
219,Multi-species DNA aligment,Which organism does the DNA sequence come from:TTGTTCATCCTCTAGAGAGAGAAGGGATACGCATTCATGGAGATCCTACTGTTGCAAACTCTGCATTAGGAGTTTTACATGAATTGTCTCATTTAGTCCTCACAACAGTCCTGTGAGGCAC,human,Homo sapiens,1.0,True
220,Multi-species DNA aligment,Which organism does the DNA sequence come from:GCTAGTAAATATAAATATTTGTTATCATGTATTATGTGTTATTTTTGCGGGGAGTATGATTATGATGCTTTCATTACAAATGTAACGTTATATGTGCCTATGTGGTGCCATGTGCCAGGATGT,worm,Mus musculus,0.0,True
221,Multi-species DNA aligment,Which organism does the DNA sequence come from:ATGTGCTTGTAGGAAGCAGCACAGGCCAGAAGAGGTTGTCAGATTCCCTAGAACTGGAGTTAGAAGCAGTTGTGAGCTCCTCTATGTAGGTGCTGAGAACTAAACCTGGATCCCATGAGCCATCTCCCTAA,mouse,"The DNA sequence is from Homo sapiens (human), specifically from the PSMB10 gene.",0.0,True
222,Multi-species DNA aligment,Which organism does the DNA sequence come from:GCATGTTAGTTTGTGTGCACACATGCATATGCATGTGTATGGAGACCAGGGTTCGTATTAGCTGTCTTCCTCGATTGCAGCACTTCATGTGATTTTGAGAGCAGCTGTGACCCTGAACCTTGAGCTCGTTTCAGCTAGGCTGGCTGGCA,rat,Mus musculus,0.0,True
223,Multi-species DNA aligment,Which organism does the DNA sequence come from:ACTGTTGTTCTGTTCGAGAAAACTATCACAAAAAGATGACTGGCTCATAACTTTGATACGAATAGCAGTTCAAATATGTCACTGTTTTTCTTGTTTGAGTATTCATATGGTGAA,worm,Homo sapiens (human),0.0,True
224,Multi-species DNA aligment,Which organism does the DNA sequence come from:ACTCAATCTATCACATATACTGAGAAAAACTGTATCTATTTTGATTTCCCTAAATGGAAAGTTAGAAGCTTACTCTGCAGGTGGCAGGTAAGCACCAATCCTT,human,Homo sapiens (human).,1.0,True
225,Multi-species DNA aligment,Which organism does the DNA sequence come from:AAAACGGTACGAAAAGGTAATATTGCCTAATCTGAAATAATGTAGTCACTCTAGAACTATTAATAAAGAAGCTTGTACTTCCTCTTATCCCTGGAATGGACGGTTATGCTGCTT,yeast,"Based on NCBI BLAST results, the DNA sequence provided is from Mus musculus (house mouse).",0.0,True
226,Multi-species DNA aligment,Which organism does the DNA sequence come from:TGAAACCTTTTGTTCCATATGTATATTTACAATAAAAAAAATAATGCAAGTAAGCCATTTATCACAAAAACAGGTTTATTTAATATCTCTTTCTTTTTTAAAATAATTAGATTTATTC,zebrafish,"Based on NCBI BLAST search, this DNA sequence matches Mus musculus (house mouse).",0.0,True
227,Multi-species DNA aligment,Which organism does the DNA sequence come from:AATTTTACCTTTCATGTCCACATTGCCCTTGCTCAGCTCCCTGTCATGCCACAACTAATAGCTGCTTTGGAATAGAAACAGCTAATGACACCTCTAAATAATGA,chicken,The DNA sequence provided is from Homo sapiens (human).,0.0,True
228,Multi-species DNA aligment,Which organism does the DNA sequence come from:TGTGAGGGCTCTGGACCACCACAAGACTGGAAGTTTCCACGCACCCACTGCAAAGGGAGGGTGCAGCTCACCAAAACCAAGTTTGCTTTGATTCACGACGTCGTGTAAAGT,rat,Homo sapiens (human).,0.0,True
229,Multi-species DNA aligment,Which organism does the DNA sequence come from:CAGGTCCCCATGGCTTTGTTTCTTGGAGTCTCTCTCTTCACAGTCCTTTTCTCCAAGGCCAGTGAGGGAAGGAGAGATTTCAGGGGAAAAGCTACTGACTGGATTGGGAG,human,Homo sapiens (human).,1.0,True
230,Multi-species DNA aligment,Which organism does the DNA sequence come from:TGGGCAGAGTGTTCTCTCAAATATTTATGTATTTGAAGTAGAGGTGGATTGAAAAAAAATGTCAAAGTGATTTAGCATCACAAAGTGTTTCAGTGAAACAAAAACAGTTCACTTACATGTCT,chicken,The DNA sequence matches Homo sapiens (human).,0.0,True
231,Multi-species DNA aligment,Which organism does the DNA sequence come from:TTTTTTTTTTTCACCCTTAACAGCAAGGTTGAACTCTATAAGGAAAAGGGATAGATCGTGCGGCACACCAGAAAAAGGGGATCAGTAAAGTGATGCAACATAAATACA,yeast,Homo sapiens (human).,0.0,True
232,Multi-species DNA aligment,Which organism does the DNA sequence come from:AATTGTTTATAGCCAAACTGTTATGCCCAGGTGTTGTCAAGGTGCTCAAATTTCAAATTTTATCAAATTTTAGGTCATTTTTTGAGCCACCATGTTTTTTGAGAAGTTTCCAAGAAGTTTCATCAGGAAATTCGGCGT,worm,The DNA sequence matches Homo sapiens (human).,0.0,True
233,Multi-species DNA aligment,Which organism does the DNA sequence come from:GCTGGTAAATCCACCGGCCACCCCAAAAGCGCCGTTGCGCCCTTTACCAATTATAGAGATCCCCTTCAAGAGAATTGGTATGGATCTCATCGGGCCATTAGAGTGATCCGCACGCGGGCACCGGTTTGCATTAGT,zebrafish,"Based on an NCBI nucleotide BLAST search, this DNA sequence matches Homo sapiens (human).",0.0,True
234,Multi-species DNA aligment,Which organism does the DNA sequence come from:AATACTAATGTTATTATTAATAGTAGTTAGATATATAAAAAAAAAATATATATATATATATACTATACTATATATATTATATATATATACACACACAGTATATA,zebrafish,Organism could not be determined from the provided sequence using NCBI.,0.0,True
235,Multi-species DNA aligment,Which organism does the DNA sequence come from:TAGCAGCGTTCGGTTTATTAACCTGTATAGGGTTACTTGCATTCTTCGTTAATTGTGCAAGATTCTCATCTATTTGAGATTGCAATAATTTTTCTCGTTCTTCCGTTAATTTATTTAAATCAACATTCCCAGGTATTAGCGAATC,yeast,Drosophila melanogaster,0.0,True
236,Multi-species DNA aligment,Which organism does the DNA sequence come from:GTTTGGACTGTGGGGGAAACCGTAGCACCCGGAGGAAACCCACACCAACACGGGGAGAACATGCAAACTCCACACAGAAACACCAACTGACCCAGCCCGGACTCAAA,zebrafish,Homo sapiens (human),0.0,True
237,Multi-species DNA aligment,Which organism does the DNA sequence come from:AAGGTATAGGGAGAGAGAACTGGTAGTAACACAGTTCAAATTATGAGACCTGCATCTGAATAGCTGGCTAGCGGGGGCGGGGGGGTGCACTTGAAGCATCTCTCTCCCTC,mouse,Homo sapiens,0.0,True
238,Multi-species DNA aligment,Which organism does the DNA sequence come from:TGTTACTCAGGAACTCCTATGATGTGCTGGAGATTCAGAATGAACAAACTGAAAGCCATACTCCAAGCCTCTTCCTTTTATACCTGTATGTTTAGTTATTTCCCAGTGGTTAAGAGCAC,human,Homo sapiens (human),1.0,True
239,Multi-species DNA aligment,Which organism does the DNA sequence come from:TCCATTGTAGGCAAAAGGATTTGCTTAGGATATAAAAAGTGGAAATGAATCATGTGAACAGCTTTTCCATATTGTCCATTATCCATTTTTGGATAACTTCAGTGGATACAAGCTGAAGGACAAGCTGCTTGTGTAC,chicken,Mus musculus,0.0,True
240,Multi-species DNA aligment,Which organism does the DNA sequence come from:TCATTATGTGCATGTCCTACTTTCTGTCTGTGTCTGTGCACAGGCAAATGTGTCCATTTTATGCATGTAAAATATGTATGGTTGGTACTTTTGAGAGCTATCCATTTAAATTCTGGCACA,zebrafish,Homo sapiens,0.0,True
241,Multi-species DNA aligment,Which organism does the DNA sequence come from:TTTGGATGCTGCCATCCAAAGACATAATCGCTGCCTCTAATGAGCGTTACTTTGTGCACGCTAATGGGTCTCTTGATATACGAAATGTTAAATTATCTGATGCTGGGGAGTATGTCTGCATGGCTCGTAATGC,zebrafish,The DNA sequence provided matches Homo sapiens (human).,0.0,True
242,Multi-species DNA aligment,Which organism does the DNA sequence come from:ATTACAGAGATCCTGAAACCTTCCCTCCACCTCTCCCTACCTTCCAACACAGGACACAGAAGGACAATTGGAACCCCTTGCAACTTGGTTTCATTCTGAATTG,mouse,NCBI BLAST results show that this DNA sequence is from Homo sapiens (human).,0.0,True
243,Multi-species DNA aligment,Which organism does the DNA sequence come from:GACAGGGATGTCATCAACGCATAATGATGTACAGTGTTGGATTGCATACCTGTATCGTACGTATCAGGATGCTGAATGTCACCTCTTGCAACAAATCTAGCTTTATGAG,yeast,"Based on NCBI BLAST results, this DNA sequence matches to Homo sapiens (human).",0.0,True
244,Multi-species DNA aligment,Which organism does the DNA sequence come from:TTTCCTTGTCACAGTATCACATCAATCTCTCACTTTAGTTATACATAATTAATGTCACTGTTGAGATAGTTTTAAAAAAATGTCCTTCTCATCTTGAAATGAACAACTTATTAGGAAGGAATTTCTCAAAACACTTGCCT,worm,Homo sapiens (human).,0.0,True
245,Multi-species DNA aligment,Which organism does the DNA sequence come from:CATGTACAATAAAAGAACTGGAGGTATCACCTTCCCTGATTTCAAGCTGTAGTACAAAGCATTGTAACAAAAACATGCATGATATTGGCATAACAAGGACAGGTTGATCAATGGAATTGAGTTGAAGACCCAGAAATACACCCA,rat,the DNA sequence is from Homo sapiens (human).,0.0,True
246,Multi-species DNA aligment,Which organism does the DNA sequence come from:CCACAGTTTTTTTCCTGTATTAGTTTTTTTTGACTCTCATAGTGCTGGTAGTCAATAACTTGAATATTATAAATCCCCCCCAATTCCCCCCCAAAAAAAGCTAAAAATAGTTTCAGCTAAAAATCTAAA,zebrafish,The DNA sequence provided matches the human (Homo sapiens) telomeric repeat region.,0.0,True
247,Multi-species DNA aligment,Which organism does the DNA sequence come from:TCCCAAATGTATTGCACAATGTGCACACGGACACACACACACACTTTACACCTCTGCGTCTCTTGTTCTCTTTCACCACCGAAATGCTTGCAAAATCTGGTTGAACGGTTTCCACGTCA,worm,Mus musculus,0.0,True
248,Multi-species DNA aligment,Which organism does the DNA sequence come from:TAAAAATTATAGGAAAAAAGACAAAAATTGCACAATCCCAAAAAAGGCAGAAAAACACAAAATCTTCTACTTTAAAAAAAAACCTATAAAATTTTCACATTTTCCCCGATTTTTAATCAAAAAACCAAAACTTTTCGCT,worm,Homo sapiens (human),0.0,True
249,Multi-species DNA aligment,Which organism does the DNA sequence come from:GCTCGATTGAAACGAACTGTGGAGCGGTTCGATTGCAGTGAGAAAGCGATCCGATCCGAGCGCGGTTATATCACAGTGTTTTATGGATATGTAATAGGCTTACGGCTATATGAAGAGAGTTATGAGTATGGC,zebrafish,Homo sapiens,0.0,True
250,Gene name conversion,Convert ENSG00000215251 to official gene symbol.,FASTKD5,CCL27,0.0,True
251,Gene name conversion,Convert ENSG00000205403 to official gene symbol.,CFI,RBMXL2,0.0,True
252,Gene name conversion,Convert ENSG00000140199 to official gene symbol.,SLC12A6,PSMB10,0.0,True
253,Gene name conversion,Convert ENSG00000149476 to official gene symbol.,TKFC,PSMB10,0.0,True
254,Gene name conversion,Convert ENSG00000291317 to official gene symbol.,TMEM276,AL354822.1,0.0,True
255,Gene name conversion,Convert ENSG00000174944 to official gene symbol.,P2RY14,PSMB10,0.0,True
256,Gene name conversion,Convert ENSG00000138604 to official gene symbol.,GLCE,PSMB10,0.0,True
257,Gene name conversion,Convert ENSG00000174233 to official gene symbol.,ADCY6,PSMB10,0.0,True
258,Gene name conversion,Convert ENSG00000165487 to official gene symbol.,MICU2,PSMB10,0.0,True
259,Gene name conversion,Convert ENSG00000124157 to official gene symbol.,SEMG2,PSMB10,0.0,True
260,Gene name conversion,Convert ENSG00000182885 to official gene symbol.,ADGRG3,UGT2B7,0.0,True
261,Gene name conversion,Convert ENSG00000128322 to official gene symbol.,IGLL1,PSMB10,0.0,True
262,Gene name conversion,Convert ENSG00000103199 to official gene symbol.,ZNF500,PSMB10,0.0,True
263,Gene name conversion,Convert ENSG00000148824 to official gene symbol.,MTG1,NFE2L2,0.0,True
264,Gene name conversion,Convert ENSG00000188343 to official gene symbol.,CIBAR1,PSMB10,0.0,True
265,Gene name conversion,Convert ENSG00000077984 to official gene symbol.,CST7,PSMB10,0.0,True
266,Gene name conversion,Convert ENSG00000117528 to official gene symbol.,ABCD3,PSMB10,0.0,True
267,Gene name conversion,Convert ENSG00000135338 to official gene symbol.,LCA5,PSMB10,0.0,True
268,Gene name conversion,Convert ENSG00000139370 to official gene symbol.,SLC15A4,PSMB10,0.0,True
269,Gene name conversion,Convert ENSG00000170209 to official gene symbol.,ANKK1,PSMB10,0.0,True
270,Gene name conversion,Convert ENSG00000198681 to official gene symbol.,MAGEA1,PSMB10,0.0,True
271,Gene name conversion,Convert ENSG00000078549 to official gene symbol.,ADCYAP1R1,PSMB10,0.0,True
272,Gene name conversion,Convert ENSG00000091592 to official gene symbol.,NLRP1,PSMB10,0.0,True
273,Gene name conversion,Convert ENSG00000148680 to official gene symbol.,HTR7,PSMB10,0.0,True
274,Gene name conversion,Convert ENSG00000183943 to official gene symbol.,PRKX,PSMB10,0.0,True
275,Gene name conversion,Convert ENSG00000160791 to official gene symbol.,CCR5,PSMB10,0.0,True
276,Gene name conversion,Convert ENSG00000162849 to official gene symbol.,KIF26B,PSMB10,0.0,True
277,Gene name conversion,Convert ENSG00000147202 to official gene symbol.,DIAPH2,PSMB10,0.0,True
278,Gene name conversion,Convert ENSG00000117586 to official gene symbol.,TNFSF4,PSMB10,0.0,True
279,Gene name conversion,Convert ENSG00000168591 to official gene symbol.,TMUB2,PSMB10,0.0,True
280,Gene name conversion,Convert ENSG00000129474 to official gene symbol.,AJUBA,PSMB10,0.0,True
281,Gene name conversion,Convert ENSG00000172009 to official gene symbol.,THOP1,PSMB10,0.0,True
282,Gene name conversion,Convert ENSG00000189157 to official gene symbol.,FAM47E,PSMB10,0.0,True
283,Gene name conversion,Convert ENSG00000196586 to official gene symbol.,MYO6,PSMB10,0.0,True
284,Gene name conversion,Convert ENSG00000203783 to official gene symbol.,PRR9,RNU6-1,0.0,True
285,Gene name conversion,Convert ENSG00000126500 to official gene symbol.,FLRT1,PSMB10,0.0,True
286,Gene name conversion,Convert ENSG00000010404 to official gene symbol.,IDS,ADAM17,0.0,True
287,Gene name conversion,Convert ENSG00000182022 to official gene symbol.,CHST15,PSMB10,0.0,True
288,Gene name conversion,Convert ENSG00000177051 to official gene symbol.,FBXO46,PSMB10,0.0,True
289,Gene name conversion,Convert ENSG00000172296 to official gene symbol.,SPTLC3,PSMB10,0.0,True
290,Gene name conversion,Convert ENSG00000120738 to official gene symbol.,EGR1,PSMB10,0.0,True
291,Gene name conversion,Convert ENSG00000169548 to official gene symbol.,ZNF280A,PSMB10,0.0,True
292,Gene name conversion,Convert ENSG00000153060 to official gene symbol.,TEKT5,PSMB10,0.0,True
293,Gene name conversion,Convert ENSG00000176222 to official gene symbol.,ZNF404,PSMB10,0.0,True
294,Gene name conversion,Convert ENSG00000168970 to official gene symbol.,JMJD7-PLA2G4B,PSMB10,0.0,True
295,Gene name conversion,Convert ENSG00000185883 to official gene symbol.,ATP6V0C,PSMB10,0.0,True
296,Gene name conversion,Convert ENSG00000240694 to official gene symbol.,PNMA2,MT-ND6,0.0,True
297,Gene name conversion,Convert ENSG00000167664 to official gene symbol.,TMIGD2,PSMB10,0.0,True
298,Gene name conversion,Convert ENSG00000243660 to official gene symbol.,ZNF487,LINC01128,0.0,True
299,Gene name conversion,Convert ENSG00000132205 to official gene symbol.,EMILIN2,PSMB10,0.0,True
300,Protein-coding genes,Is ATP5F1EP2 a protein-coding gene?,NA,"No, ATP5F1EP2 is a pseudogene and not a protein-coding gene.",1.0,True
301,Protein-coding genes,Is LOC124907753 a protein-coding gene?,NA,"No, LOC124907753 is not currently annotated as a protein-coding gene in NCBI.",1.0,True
302,Protein-coding genes,Is AMD1P4 a protein-coding gene?,NA,"No, AMD1P4 is not a protein-coding gene; it is a pseudogene.",1.0,True
303,Protein-coding genes,Is NODAL a protein-coding gene?,TRUE,"Yes, NODAL is a protein-coding gene.",1.0,True
304,Protein-coding genes,Is MIR4436B2 a protein-coding gene?,NA,"No, MIR4436B2 is not a protein-coding gene; it is a microRNA gene.",1.0,True
305,Protein-coding genes,Is NAXE a protein-coding gene?,TRUE,"Yes, NAXE is a protein-coding gene.",1.0,True
306,Protein-coding genes,Is LOC124909477 a protein-coding gene?,NA,"No, LOC124909477 is not annotated as a protein-coding gene in the NCBI database.",1.0,True
307,Protein-coding genes,Is LINC01560 a protein-coding gene?,NA,"No, LINC01560 is not a protein-coding gene; it is classified as a long non-coding RNA (lncRNA) gene.",1.0,True
308,Protein-coding genes,Is UCKL1-AS1 a protein-coding gene?,NA,"No, UCKL1-AS1 is not a protein-coding gene; it is classified as a long non-coding RNA (lncRNA).",1.0,True
309,Protein-coding genes,Is MIR6843 a protein-coding gene?,NA,"No, MIR6843 is not a protein-coding gene; it is a microRNA gene.",1.0,True
310,Protein-coding genes,Is RPL7AP58 a protein-coding gene?,NA,"No, RPL7AP58 is not a protein-coding gene; it is a pseudogene.",1.0,True
311,Protein-coding genes,Is SERF2 a protein-coding gene?,TRUE,"Yes, SERF2 is a protein-coding gene.",1.0,True
312,Protein-coding genes,Is LOC124907937 a protein-coding gene?,NA,"No, LOC124907937 is not annotated as a protein-coding gene. It is classified as a pseudogene.",1.0,True
313,Protein-coding genes,Is RNU6-1193P a protein-coding gene?,NA,"No, RNU6-1193P is not a protein-coding gene; it is a pseudogene for a small nuclear RNA.",1.0,True
314,Protein-coding genes,Is LOC124903168 a protein-coding gene?,NA,"No, LOC124903168 is not a protein-coding gene; it is classified as a long non-coding RNA (lncRNA) gene.",1.0,True
315,Protein-coding genes,Is HMGB1P9 a protein-coding gene?,NA,"No, HMGB1P9 is not a protein-coding gene; it is classified as a pseudogene.",1.0,True
316,Protein-coding genes,Is LOC100420990 a protein-coding gene?,NA,"No, LOC100420990 is not a protein-coding gene; it is classified as a pseudogene.",1.0,True
317,Protein-coding genes,Is RNU6-1212P a protein-coding gene?,NA,"No, RNU6-1212P is not a protein-coding gene. It is a pseudogene for a small nuclear RNA (snRNA).",1.0,True
318,Protein-coding genes,Is CPVL-AS2 a protein-coding gene?,NA,"No, CPVL-AS2 is classified as a non-coding RNA gene.",1.0,True
319,Protein-coding genes,Is NPFFR1 a protein-coding gene?,TRUE,"Yes, NPFFR1 is a protein-coding gene.",1.0,True
320,Protein-coding genes,Is CYP4F10P a protein-coding gene?,NA,"No, CYP4F10P is not a protein-coding gene; it is a pseudogene.",1.0,True
321,Protein-coding genes,Is FANCG a protein-coding gene?,TRUE,"Yes, FANCG is a protein-coding gene.",1.0,True
322,Protein-coding genes,Is CMKLR2 a protein-coding gene?,TRUE,"No, CMKLR2 is not a recognized protein-coding gene in the NCBI Gene database. It does not appear as an official gene symbol. You might be referring to CMKLR1, which is a protein-coding gene.",1.0,True
323,Protein-coding genes,Is SSBP3-AS1 a protein-coding gene?,NA,"No, SSBP3-AS1 is not a protein-coding gene; it is classified as a long non-coding RNA (lncRNA).",1.0,True
324,Protein-coding genes,Is LOC100419835 a protein-coding gene?,NA,"No, LOC100419835 is annotated as a non-coding RNA gene in the NCBI database.",1.0,True
325,Protein-coding genes,Is RNU7-171P a protein-coding gene?,NA,"No, RNU7-171P is not a protein-coding gene. It is classified as a pseudogene for a small nuclear RNA.",1.0,True
326,Protein-coding genes,Is RPL34P34 a protein-coding gene?,NA,"No, RPL34P34 is not a protein-coding gene; it is a pseudogene.",1.0,True
327,Protein-coding genes,Is LOC100526841 a protein-coding gene?,NA,"No, LOC100526841 is not a protein-coding gene; it is annotated as a non-coding RNA gene.",1.0,True
328,Protein-coding genes,Is TTLL1 a protein-coding gene?,TRUE,"Yes, TTLL1 is a protein-coding gene.",1.0,True
329,Protein-coding genes,Is CORO1A-AS1 a protein-coding gene?,NA,"No, CORO1A-AS1 is not a protein-coding gene; it is classified as a long non-coding RNA (lncRNA) gene.",1.0,True
330,Protein-coding genes,Is SPARC a protein-coding gene?,TRUE,"Yes, SPARC is a protein-coding gene.",1.0,True
331,Protein-coding genes,Is LOC100129457 a protein-coding gene?,NA,"No, LOC100129457 is not a protein-coding gene; it is classified as a long non-coding RNA (lncRNA) gene.",1.0,True
332,Protein-coding genes,Is HOTAIR a protein-coding gene?,NA,"No, HOTAIR is not a protein-coding gene; it is a long non-coding RNA (lncRNA) gene.",1.0,True
333,Protein-coding genes,Is CAAP1 a protein-coding gene?,TRUE,"Yes, CAAP1 is a protein-coding gene.",1.0,True
334,Protein-coding genes,Is PIGCP1 a protein-coding gene?,NA,PIGCP1 does not appear to be a protein-coding gene in NCBI.,1.0,True
335,Protein-coding genes,Is LINC01054 a protein-coding gene?,NA,"No, LINC01054 is not a protein-coding gene; it is a long non-coding RNA (lncRNA) gene.",1.0,True
336,Protein-coding genes,Is SPOP a protein-coding gene?,TRUE,"Yes, SPOP is a protein-coding gene.",1.0,True
337,Protein-coding genes,Is RNU6-746P a protein-coding gene?,NA,"No, RNU6-746P is not a protein-coding gene. It is a pseudogene for a small nuclear RNA (snRNA).",1.0,True
338,Protein-coding genes,Is POLE4P1 a protein-coding gene?,NA,"No, POLE4P1 is not a protein-coding gene; it is classified as a pseudogene.",1.0,True
339,Protein-coding genes,Is RASSF3-DT a protein-coding gene?,NA,"No, RASSF3-DT is not a protein-coding gene; it is classified as a long non-coding RNA (lncRNA) gene.",1.0,True
340,Protein-coding genes,Is RPL31P19 a protein-coding gene?,NA,"No, RPL31P19 is a pseudogene and not a protein-coding gene.",1.0,True
341,Protein-coding genes,Is FBXO3-DT a protein-coding gene?,NA,"No, FBXO3-DT is not a protein-coding gene; it is classified as a long non-coding RNA (lncRNA) gene.",1.0,True
342,Protein-coding genes,Is DNAJB6P2 a protein-coding gene?,NA,"No, DNAJB6P2 is a pseudogene and is not protein-coding.",1.0,True
343,Protein-coding genes,Is LINC02865 a protein-coding gene?,NA,"No, LINC02865 is not a protein-coding gene; it is classified as a long non-coding RNA (lncRNA) gene.",1.0,True
344,Protein-coding genes,Is AFF1 a protein-coding gene?,TRUE,"Yes, AFF1 is a protein-coding gene.",1.0,True
345,Protein-coding genes,Is PWWP2A a protein-coding gene?,TRUE,"Yes, PWWP2A is a protein-coding gene.",1.0,True
346,Protein-coding genes,Is LOC105369759 a protein-coding gene?,NA,"No, LOC105369759 is not a protein-coding gene; it is classified as a long non-coding RNA (lncRNA) gene.",1.0,True
347,Protein-coding genes,Is B3GAT1 a protein-coding gene?,TRUE,"Yes, B3GAT1 is a protein-coding gene.",1.0,True
348,Protein-coding genes,Is MIR22HG a protein-coding gene?,NA,"No, MIR22HG is not a protein-coding gene; it is classified as a long non-coding RNA (lncRNA) gene.",1.0,True
349,Protein-coding genes,Is CGGBP1 a protein-coding gene?,TRUE,"Yes, CGGBP1 is a protein-coding gene.",1.0,True
350,Gene SNP association,Which gene is SNP rs1217074595 associated with?,LINC01270,SLC26A4,0.0,True
351,Gene SNP association,Which gene is SNP rs1241371358 associated with?,LRRC23,SNP rs1241371358 is associated with the gene ABCC11.,0.0,True
352,Gene SNP association,Which gene is SNP rs1481036795 associated with?,SEPTIN11,SNP rs1481036795 is associated with the PSMB10 gene.,0.0,True
353,Gene SNP association,Which gene is SNP rs1318850293 associated with?,PLEKHG7,SPTAN1,0.0,True
354,Gene SNP association,Which gene is SNP rs996319727 associated with?,USP39,The SNP rs996319727 is associated with the gene IFNGR2.,0.0,True
355,Gene SNP association,Which gene is SNP rs577757681 associated with?,OXR1,HBB,0.0,True
356,Gene SNP association,Which gene is SNP rs1294482311 associated with?,DMXL1,SNP rs1294482311 is associated with the gene SLC6A20.,0.0,True
357,Gene SNP association,Which gene is SNP rs979970652 associated with?,KHDRBS2,ACVR1,0.0,True
358,Gene SNP association,Which gene is SNP rs1029002401 associated with?,MAJIN,DBH,0.0,True
359,Gene SNP association,Which gene is SNP rs1015227 associated with?,SCHLAP1,The SNP rs1015227 is associated with the gene LRP1B.,0.0,True
360,Gene SNP association,Which gene is SNP rs1278530438 associated with?,LDLRAD4,rs1278530438 is associated with the TNFSF15 gene.,0.0,True
361,Gene SNP association,Which gene is SNP rs745325402 associated with?,CALCR,The SNP rs745325402 is associated with the PSMB10 gene.,0.0,True
362,Gene SNP association,Which gene is SNP rs4704888 associated with?,SGCD,The SNP rs4704888 is associated with the gene PTPN11.,0.0,True
363,Gene SNP association,Which gene is SNP rs1201372088 associated with?,ZBTB25,LILRB1,0.0,True
364,Gene SNP association,Which gene is SNP rs1324451169 associated with?,MED26,The SNP rs1324451169 is associated with the gene BIRC7.,0.0,True
365,Gene SNP association,Which gene is SNP rs983419152 associated with?,LINC02055,F8,0.0,True
366,Gene SNP association,Which gene is SNP rs745940901 associated with?,JMJD1C,SNP rs745940901 is associated with the gene PSMB10.,0.0,True
367,Gene SNP association,Which gene is SNP rs1303680136 associated with?,XKR9,PSMB10,0.0,True
368,Gene SNP association,Which gene is SNP rs1053827498 associated with?,NSMCE1,THSD7A,0.0,True
369,Gene SNP association,Which gene is SNP rs1350154096 associated with?,LOC107986092,The SNP rs1350154096 is associated with the gene RYR2.,0.0,True
370,Gene SNP association,Which gene is SNP rs1037441458 associated with?,LOC105372191,PSMB10,0.0,True
371,Gene SNP association,Which gene is SNP rs900408143 associated with?,RBFOX1,The SNP rs900408143 is associated with the gene TTN.,0.0,True
372,Gene SNP association,Which gene is SNP rs900532834 associated with?,PAK1,SNP rs900532834 is associated with the gene PSMB10.,0.0,True
373,Gene SNP association,Which gene is SNP rs1281200566 associated with?,CCT8L2,The SNP rs1281200566 is associated with the gene SORCS1.,0.0,True
374,Gene SNP association,Which gene is SNP rs1431266687 associated with?,CACNB2,SNP rs1431266687 is associated with the gene IL2.,0.0,True
375,Gene SNP association,Which gene is SNP rs900745020 associated with?,CREB5,PSMB10,0.0,True
376,Gene SNP association,Which gene is SNP rs1188606225 associated with?,GAREM1,AUTS2,0.0,True
377,Gene SNP association,Which gene is SNP rs902730377 associated with?,LOC105372323,TNNT2,0.0,True
378,Gene SNP association,Which gene is SNP rs1044115387 associated with?,GLIS3,SNP rs1044115387 is associated with the gene PKHD1.,0.0,True
379,Gene SNP association,Which gene is SNP rs979980368 associated with?,FAM53B,SUSD2,0.0,True
380,Gene SNP association,Which gene is SNP rs1161130206 associated with?,EMX2OS,SNP rs1161130206 is associated with the gene ACAN.,0.0,True
381,Gene SNP association,Which gene is SNP rs910422326 associated with?,ANKFN1,RPS19,0.0,True
382,Gene SNP association,Which gene is SNP rs1035892430 associated with?,TSPAN15,SLC45A2,0.0,True
383,Gene SNP association,Which gene is SNP rs1255093658 associated with?,TENM3,The SNP rs1255093658 is associated with the gene G6PD.,0.0,True
384,Gene SNP association,Which gene is SNP rs1257276516 associated with?,LOC100506403,PLXNA4,0.0,True
385,Gene SNP association,Which gene is SNP rs563369098 associated with?,LINC01673,The SNP rs563369098 is associated with the gene CFTR.,0.0,True
386,Gene SNP association,Which gene is SNP rs1032834815 associated with?,FNDC3B,The SNP rs1032834815 is associated with the PSMB10 gene.,0.0,True
387,Gene SNP association,Which gene is SNP rs552952471 associated with?,RARB,The SNP rs552952471 is associated with the gene MSH2.,0.0,True
388,Gene SNP association,Which gene is SNP rs1452964195 associated with?,LINC03021,CYP2A6,0.0,True
389,Gene SNP association,Which gene is SNP rs949202492 associated with?,NECAB2,SNP rs949202492 is associated with the gene PSMB10.,0.0,True
390,Gene SNP association,Which gene is SNP rs1218214598 associated with?,MIR4527HG,GRM7,0.0,True
391,Gene SNP association,Which gene is SNP rs1022906840 associated with?,CCDC178,SNP rs1022906840 is associated with the DMD gene.,0.0,True
392,Gene SNP association,Which gene is SNP rs1199372758 associated with?,RUBCN,LINC02571,0.0,True
393,Gene SNP association,Which gene is SNP rs1396355441 associated with?,PTPRB,GPC5,0.0,True
394,Gene SNP association,Which gene is SNP rs1432624213 associated with?,SLC22A14,SNP rs1432624213 is associated with the gene CLCNKA.,0.0,True
395,Gene SNP association,Which gene is SNP rs937944577 associated with?,IFFO1,The SNP rs937944577 is associated with the CEP290 gene.,0.0,True
396,Gene SNP association,Which gene is SNP rs1450106117 associated with?,MED13,The SNP rs1450106117 is associated with the gene COL4A1.,0.0,True
397,Gene SNP association,Which gene is SNP rs34083046 associated with?,MICU1,TBX1,0.0,True
398,Gene SNP association,Which gene is SNP rs149916046 associated with?,LINC02841,ZNF717,0.0,True
399,Gene SNP association,Which gene is SNP rs1385096481 associated with?,LRFN5,The SNP rs1385096481 is associated with the gene CYFIP2.,0.0,True
400,SNP location,Which chromosome does SNP rs1430464868 locate on human genome?,chr13,Chromosome 6,0.0,True
401,SNP location,Which chromosome does SNP rs545148486 locate on human genome?,chr16,Chromosome 16,1.0,True
402,SNP location,Which chromosome does SNP rs895485955 locate on human genome?,chr19,Chromosome 1,0.0,True
403,SNP location,Which chromosome does SNP rs1376217783 locate on human genome?,chr11,Chromosome 3,0.0,True
404,SNP location,Which chromosome does SNP rs1420724913 locate on human genome?,chr16,Chromosome 5,0.0,True
405,SNP location,Which chromosome does SNP rs992486373 locate on human genome?,chr15,Chromosome 6.,0.0,True
406,SNP location,Which chromosome does SNP rs975300764 locate on human genome?,chr4,Chromosome 6.,0.0,True
407,SNP location,Which chromosome does SNP rs993131098 locate on human genome?,chr14,Chromosome 6,0.0,True
408,SNP location,Which chromosome does SNP rs899883800 locate on human genome?,chr1,SNP rs899883800 is located on chromosome 15 of the human genome.,1.0,True
409,SNP location,Which chromosome does SNP rs547832386 locate on human genome?,chr15,Chromosome 16,0.0,True
410,SNP location,Which chromosome does SNP rs1212113267 locate on human genome?,chr22,Chromosome 16,0.0,True
411,SNP location,Which chromosome does SNP rs1435895561 locate on human genome?,chr19,Chromosome 10,0.0,True
412,SNP location,Which chromosome does SNP rs427884 locate on human genome?,chr11,Chromosome 12.,0.0,True
413,SNP location,Which chromosome does SNP rs1188706680 locate on human genome?,chr4,Chromosome 8,0.0,True
414,SNP location,Which chromosome does SNP rs1316126938 locate on human genome?,chr18,Chromosome 6,0.0,True
415,SNP location,Which chromosome does SNP rs1398189587 locate on human genome?,chr4,Chromosome 7.,0.0,True
416,SNP location,Which chromosome does SNP rs1372020525 locate on human genome?,chr14,Chromosome 16,0.0,True
417,SNP location,Which chromosome does SNP rs188137472 locate on human genome?,chr17,Chromosome 3.,0.0,True
418,SNP location,Which chromosome does SNP rs1246801490 locate on human genome?,chr18,Chromosome 1,0.0,True
419,SNP location,Which chromosome does SNP rs983633514 locate on human genome?,chr8,SNP rs983633514 is located on chromosome 10 in the human genome.,0.0,True
420,SNP location,Which chromosome does SNP rs1274126968 locate on human genome?,chr14,SNP rs1274126968 is located on chromosome 4 of the human genome.,0.0,True
421,SNP location,Which chromosome does SNP rs1392348488 locate on human genome?,chr22,Chromosome 1,0.0,True
422,SNP location,Which chromosome does SNP rs965556407 locate on human genome?,chr4,SNP rs965556407 is located on chromosome 6 of the human genome.,0.0,True
423,SNP location,Which chromosome does SNP rs999510594 locate on human genome?,chr16,SNP rs999510594 is located on chromosome 10 of the human genome.,0.0,True
424,SNP location,Which chromosome does SNP rs1412275115 locate on human genome?,chr17,Chromosome 1,0.0,True
425,SNP location,Which chromosome does SNP rs951388492 locate on human genome?,chr14,Chromosome 6,0.0,True
426,SNP location,Which chromosome does SNP rs967011458 locate on human genome?,chr4,Chromosome 16,0.0,True
427,SNP location,Which chromosome does SNP rs555675816 locate on human genome?,chr8,Chromosome 17,0.0,True
428,SNP location,Which chromosome does SNP rs1333853138 locate on human genome?,chr22,Chromosome 4,0.0,True
429,SNP location,Which chromosome does SNP rs910383316 locate on human genome?,chr1,SNP rs910383316 is located on chromosome 3 in the human genome.,0.0,True
430,SNP location,Which chromosome does SNP rs563617526 locate on human genome?,chr11,Chromosome 6.,0.0,True
431,SNP location,Which chromosome does SNP rs1357251061 locate on human genome?,chr21,Chromosome 2,0.0,True
432,SNP location,Which chromosome does SNP rs1401416674 locate on human genome?,chr10,Chromosome 4,0.0,True
433,SNP location,Which chromosome does SNP rs76491275 locate on human genome?,chr21,Chromosome 6,0.0,True
434,SNP location,Which chromosome does SNP rs141272872 locate on human genome?,chr3,Chromosome 16,0.0,True
435,SNP location,Which chromosome does SNP rs1281763211 locate on human genome?,chr4,Chromosome 11.,0.0,True
436,SNP location,Which chromosome does SNP rs1278117191 locate on human genome?,chr20,Chromosome 1,0.0,True
437,SNP location,Which chromosome does SNP rs1239675264 locate on human genome?,chr21,Chromosome 6,0.0,True
438,SNP location,Which chromosome does SNP rs866998836 locate on human genome?,chr17,Chromosome 12,0.0,True
439,SNP location,Which chromosome does SNP rs1228002921 locate on human genome?,chr2,Chromosome 11.,0.0,True
440,SNP location,Which chromosome does SNP rs976400036 locate on human genome?,chr19,SNP rs976400036 is located on chromosome 20 of the human genome.,0.0,True
441,SNP location,Which chromosome does SNP rs397784008 locate on human genome?,chr15,SNP rs397784008 is located on chromosome 6 of the human genome.,0.0,True
442,SNP location,Which chromosome does SNP rs1170945868 locate on human genome?,chr22,Chromosome 7,0.0,True
443,SNP location,Which chromosome does SNP rs990783431 locate on human genome?,chr3,Chromosome 16,0.0,True
444,SNP location,Which chromosome does SNP rs1041819671 locate on human genome?,chr5,Chromosome 6,0.0,True
445,SNP location,Which chromosome does SNP rs139642661 locate on human genome?,chr14,rs139642661 is located on chromosome 19 in the human genome.,0.0,True
446,SNP location,Which chromosome does SNP rs1263053296 locate on human genome?,chr14,Chromosome 15,0.0,True
447,SNP location,Which chromosome does SNP rs1391145256 locate on human genome?,chr12,Chromosome 1,0.0,True
448,SNP location,Which chromosome does SNP rs1002944049 locate on human genome?,chr9,Chromosome 12,0.0,True
449,SNP location,Which chromosome does SNP rs962314907 locate on human genome?,chr5,Chromosome 13,0.0,True
